E001,Laura,James,Non-binary,41,Finance,Financial Analyst,102071.64,6/11/2025,2,North Reginald,Canada,Yes,3,12
E002,Michele,Walker,Male,48,IT,System Administrator,133625.66,6/2/2024,2,New Kristy,USA,Yes,5.6,36
E003,Lindsay,Smith,Male,60,Marketing,Content Strategist,140043.32,5/12/2012,5,Smithshire,USA,Yes,17.8,5
E004,Micheal,Manning,Non-binary,22,Operations,Project Coordinator,119463.63,9/7/2024,1,East Kimberly,Canada,No,3.3,9
E005,Heather,Schroeder,Non-binary,47,Operations,Operations Manager,41746.41,9/26/2016,5,West Robert,USA,Yes,19,23
E006,Stephen,Crawford,Male,24,IT,IT Support,80811.83,4/3/2015,1,Lake Troyfurt,USA,Yes,3.1,5
E007,Erik,Evans,Male,25,Marketing,Content Strategist,47930.63,6/6/2025,5,West Brian,Canada,Yes,3.9,0
E008,Ashley,Joseph,Non-binary,36,Finance,Accountant,40552.48,8/8/2011,3,Frankport,USA,Yes,18.2,37
E009,Calvin,Williams,Male,21,IT,System Administrator,37090.17,11/13/2016,3,Clarkstad,Canada,Yes,17.3,22
E010,Jimmy,Williams,Male,28,Sales,Sales Representative,70901.01,10/10/2024,1,Collinsburgh,USA,Yes,12.1,38
E011,Annette,Lee,Female,45,Marketing,SEO Specialist,48586.11,4/30/2016,2,Michaelfurt,Canada,No,6,18
E012,Derek,Brown,Female,48,Operations,Logistics Specialist,57717.48,11/19/2013,1,Bryantown,Canada,Yes,1.8,36
E013,Ashley,Hansen,Female,38,Sales,Sales Manager,40747.58,1/26/2013,5,Baxterview,Canada,No,14.8,4
E014,Michelle,Carter,Non-binary,58,IT,Software Engineer,67143.36,7/30/2012,3,Thompsonhaven,USA,Yes,4.7,28
E015,Debra,Kennedy,Female,45,Sales,Sales Manager,144759.16,6/5/2023,1,Philipshire,Canada,No,8.6,1
E016,Laura,Rodriguez,Non-binary,49,Finance,Accountant,102670.35,10/6/2023,1,East Annaport,Canada,No,14.6,16
E017,Zachary,Wood,Non-binary,29,IT,IT Support,146778.44,5/29/2016,4,East Ianport,USA,No,14,9
E018,Kristine,Johnson,Male,27,Finance,Financial Analyst,46481.46,2/8/2016,1,Lake Anthonyland,USA,Yes,14.9,18
E019,Danny,Francis,Male,29,HR,Recruiter,71145.36,4/3/2016,1,New Roy,Canada,No,10.8,9
E020,Jason,Clark,Female,27,IT,IT Support,128305.51,7/25/2019,2,Douglasburgh,Canada,Yes,11.8,5
E021,Teresa,Wong,Male,54,Sales,Account Manager,123320.13,10/2/2025,2,Lake Tiffany,Canada,No,4.2,23
E022,Caroline,Gonzalez,Male,50,Finance,Financial Analyst,136134.32,5/26/2020,3,Lake Kristinland,Canada,Yes,9.1,9
E023,Andrea,Brooks,Male,60,Operations,Procurement Officer,59014.84,9/27/2018,4,Lake Ryanchester,Canada,No,13.1,5
E024,Andrea,Curry,Female,37,Operations,Procurement Officer,95335.93,6/4/2011,4,Guerraland,Canada,No,1,8
E025,Elizabeth,Ruiz,Female,41,Finance,Accountant,91554.05,1/5/2023,3,Charlesshire,USA,Yes,19.8,20
E026,Karen,Hall,Non-binary,35,Sales,Sales Executive,40120.65,3/26/2013,1,New Richardberg,Canada,Yes,5.4,11
E027,Linda,Watts,Male,49,HR,HR Coordinator,42292.75,3/4/2022,1,Tammyville,USA,Yes,17.4,26
E028,Susan,Powell,Male,57,HR,Talent Specialist,37035.94,4/27/2013,4,Caitlinfort,USA,No,13.8,33
E029,Richard,Davis,Non-binary,32,Marketing,SEO Specialist,92390.76,11/30/2020,4,South Victoria,USA,Yes,15.3,27
E030,Ashley,Williams,Non-binary,49,HR,HR Coordinator,141560.04,9/30/2023,4,Snyderland,USA,Yes,5.5,18
E031,Michael,Richards,Female,33,HR,HR Coordinator,48320.83,1/13/2015,2,South Sabrinamouth,USA,Yes,17.3,19
E032,Brittany,Yang,Male,51,HR,HR Manager,73221.59,4/30/2023,3,Leeside,Canada,No,18.1,33
E033,Erik,Vincent,Female,41,IT,System Administrator,142095.75,2/2/2020,5,South Dustinville,USA,No,7.9,33
E034,Douglas,Marshall,Male,43,IT,Data Analyst,117998.78,3/31/2016,1,Karenview,USA,No,17.8,11
E035,Joshua,Marsh,Female,50,Sales,Sales Executive,102216.06,9/18/2012,5,Taylorborough,USA,Yes,19.2,33
E036,Alyssa,Herrera,Female,32,HR,Recruiter,109211.99,6/24/2025,4,Wilkinsport,USA,No,13.5,33
E037,Adriana,Mccarthy,Female,21,IT,System Administrator,101800.1,9/18/2022,2,Port Rebecca,Canada,No,18.2,23
E038,Kelli,Thomas,Female,43,Marketing,SEO Specialist,106293.55,10/2/2024,2,Wrighttown,USA,No,3.2,8
E039,Samuel,Hickman,Female,35,IT,IT Support,124803.26,10/23/2023,2,Port David,Canada,Yes,9.7,0
E040,Frank,Mitchell,Female,45,HR,HR Coordinator,92704.56,12/13/2017,3,Edwardstown,USA,No,19.1,40
E041,Eric,Ellis,Female,22,Marketing,SEO Specialist,137047.89,1/3/2025,2,Robertmouth,Canada,Yes,10.8,6
E042,Patricia,Hanna,Male,45,Marketing,Marketing Manager,36002.93,4/4/2013,4,Aaronton,USA,No,3.4,34
E043,Dawn,Schmidt,Non-binary,34,Sales,Sales Executive,66165.79,2/23/2022,1,North Roy,USA,No,10.3,25
E044,Kayla,Mccormick,Female,26,Sales,Sales Representative,45725.43,5/10/2022,1,Jacquelineside,USA,No,10.8,12
E045,Bill,Reyes,Non-binary,40,Finance,Accountant,105042.1,2/19/2014,2,Castillostad,Canada,Yes,18.2,31
E046,Christina,Ramirez,Male,32,Sales,Sales Manager,132929.49,3/27/2025,4,Vargasshire,Canada,Yes,16.7,10
E047,Karen,Watts,Male,60,Marketing,SEO Specialist,60927.1,3/1/2012,4,Georgefurt,Canada,No,16.2,16
E048,Martha,Ramos,Female,56,IT,Data Analyst,106460.73,3/12/2023,5,New Ryan,Canada,Yes,4.9,2
E049,Andrew,Erickson,Male,34,Marketing,Content Strategist,72088.34,1/18/2017,4,Tanyamouth,Canada,Yes,5.1,27
E050,Angela,Hoffman,Female,38,IT,System Administrator,140335.85,9/13/2018,4,Lyonsborough,Canada,Yes,19.2,38
E051,Sarah,Young,Female,56,HR,HR Manager,71378.73,11/25/2011,5,Port Brittanyville,USA,Yes,16.6,13
E052,Daniel,Ward,Non-binary,22,Sales,Sales Representative,72594.42,3/20/2023,5,North Jonathan,USA,Yes,16.2,33
E053,Nicholas,Clark,Female,52,Sales,Sales Executive,144718.2,3/19/2017,5,Johnstonshire,Canada,Yes,1.9,12
E054,Jessica,Mccormick,Male,60,Sales,Sales Manager,52830.64,2/27/2025,2,East Steveburgh,Canada,No,14,39
E055,Melinda,Bullock,Female,50,HR,HR Manager,76020.12,2/26/2021,2,Gutierrezbury,USA,Yes,16.7,20
E056,Elizabeth,Duke,Male,57,Marketing,Content Strategist,35992.5,4/18/2020,1,Port David,Canada,Yes,9.8,23
E057,Melissa,Cohen,Male,57,Operations,Operations Manager,134611.91,8/1/2022,5,Michaelbury,Canada,Yes,18.3,36
E058,Mark,Gutierrez,Non-binary,46,Sales,Sales Executive,115428.41,1/22/2016,5,Michaelton,Canada,No,8.1,21
E059,Matthew,Ramirez,Non-binary,40,Sales,Sales Executive,81298.34,9/5/2015,2,East Aaronbury,Canada,No,17.9,10
E060,Jeffrey,Swanson,Female,53,Operations,Procurement Officer,81717.55,11/2/2017,4,East Josephhaven,USA,No,7.7,39
E061,Kenneth,Warner,Male,43,IT,IT Support,117758.62,9/18/2021,1,Port David,Canada,Yes,19.4,31
E062,Christina,Parker,Female,41,Finance,Accountant,39328.51,12/24/2015,1,Joshuaberg,USA,No,17.6,27
E063,Aaron,Esparza,Female,31,Marketing,Social Media Manager,136655.1,4/28/2012,3,West Caseyland,Canada,Yes,12.9,8
E064,Anthony,Fields,Female,48,Sales,Account Manager,120893.56,1/30/2016,3,Port Jerryburgh,USA,No,9,39
E065,Anthony,Rodgers,Non-binary,38,Finance,Financial Analyst,54834.41,5/10/2022,4,Port Valerieport,USA,No,12.3,16
E066,Penny,Vaughn,Non-binary,35,Operations,Project Coordinator,94268.59,5/11/2020,3,East Stephanie,Canada,No,1.3,29
E067,Erica,Freeman,Non-binary,42,HR,Talent Specialist,71668.42,11/12/2015,3,Jameshaven,Canada,No,10,16
E068,John,Brown,Male,28,Operations,Operations Manager,36176.63,1/4/2017,4,North Karenchester,USA,Yes,12.3,3
E069,Dana,Rogers,Non-binary,30,Finance,Finance Manager,104351.94,6/10/2019,5,Ryanbury,USA,No,5.1,34
E070,William,Kelley,Male,58,Sales,Sales Representative,86983.48,1/16/2018,2,Averyland,USA,No,11.7,21
E071,Jessica,Cortez,Non-binary,44,Sales,Sales Manager,50755.29,1/1/2018,3,Huntershire,Canada,No,16.6,38
E072,Kylie,Robbins,Non-binary,38,IT,Data Analyst,122693.67,6/28/2013,4,Diazberg,USA,No,10.4,7
E073,Taylor,Buchanan,Female,34,HR,HR Coordinator,105739.75,9/25/2015,2,South Hannah,USA,No,13.7,11
E074,Christina,Rojas,Male,40,IT,IT Support,106913.07,1/6/2022,4,Smithside,Canada,No,12.8,11
E075,Bob,Drake,Male,34,HR,Recruiter,134761.58,6/2/2016,4,Jeffersonshire,Canada,No,8.5,8
E076,John,Wong,Non-binary,60,IT,Software Engineer,114596.13,4/8/2022,4,Port Alexandertown,Canada,Yes,5.1,30
E077,Erin,Lin,Non-binary,57,Finance,Auditor,77813.76,6/30/2024,1,Smithfort,USA,No,0.1,2
E078,John,Miller,Male,43,Marketing,SEO Specialist,96529.47,8/18/2023,3,Wrightport,Canada,No,15.1,0
E079,Stephen,Wade,Male,36,Operations,Procurement Officer,96118.27,3/3/2024,1,South Scottstad,USA,No,14,29
E080,Edward,Munoz,Male,43,Sales,Sales Manager,95384.42,8/19/2011,3,Stevensonfurt,Canada,Yes,6.2,27
E081,Justin,Meyer,Male,24,IT,Data Analyst,79828.4,9/26/2011,5,Nicholasbury,Canada,Yes,2.6,2
E082,Tim,Thomas,Female,41,Finance,Financial Analyst,105228.23,4/11/2016,4,Lake Daisy,USA,No,11.2,19
E083,Hunter,Miller,Male,47,Operations,Project Coordinator,134712.78,11/4/2018,4,South Taylor,Canada,Yes,6.7,23
E084,Adam,Frost,Male,57,Operations,Project Coordinator,130274.49,11/29/2014,3,Fergusonborough,USA,Yes,1,28
E085,Cynthia,Gillespie,Male,22,Operations,Project Coordinator,41628.19,4/11/2022,3,Meganfort,USA,No,19,14
E086,Evelyn,Hughes,Male,53,IT,Data Analyst,112523.98,10/3/2013,2,North Elizabeth,Canada,No,5.5,36
E087,Michael,Flynn,Female,41,Sales,Sales Executive,89938.03,5/5/2011,2,East Brittany,USA,Yes,6.2,29
E088,Larry,Allen,Male,38,Finance,Auditor,143538.88,2/5/2021,3,New Juan,USA,No,5.5,30
E089,Rebecca,Yoder,Female,26,Finance,Accountant,44105.06,1/15/2024,1,Johnville,Canada,Yes,4.3,9
E090,Philip,Warren,Non-binary,60,HR,HR Manager,36064.07,2/26/2025,4,South Gregorymouth,Canada,Yes,17.9,20
E091,Jamie,Romero,Male,52,Finance,Accountant,67526.35,4/6/2012,5,Hensonstad,Canada,No,11.7,27
E092,Alan,Hernandez,Male,58,Marketing,SEO Specialist,36654.17,8/5/2018,1,Maryshire,USA,Yes,9.9,37
E093,Theresa,Mccall,Non-binary,34,IT,IT Support,96975.34,5/8/2017,2,Port Rebecca,USA,No,16,33
E094,Megan,Jones,Non-binary,24,Sales,Sales Representative,56180.9,2/18/2013,1,Nashview,USA,No,13.2,12
E095,Sara,Bowman,Male,50,IT,IT Support,138451.69,10/4/2014,1,Port Jennifer,USA,No,20,20
E096,Kenneth,Marquez,Non-binary,54,Sales,Sales Manager,132455.46,1/19/2023,4,Adamsberg,USA,Yes,16.5,29
E097,Alfred,Meyers,Male,39,Operations,Procurement Officer,143117.27,4/24/2024,1,Douglasshire,Canada,No,11.8,21
E098,Ryan,Beck,Non-binary,30,Marketing,Marketing Manager,67678.93,12/25/2016,5,Port Barbara,USA,Yes,16.1,18
E099,Matthew,Hernandez,Female,57,Finance,Financial Analyst,42026.57,2/21/2020,4,South Steven,USA,No,17.2,30
E100,Anthony,Miles,Female,49,IT,Data Analyst,44315.12,11/17/2013,2,Brewerville,Canada,Yes,6.9,10
E101,Jake,Medina,Non-binary,24,Finance,Financial Analyst,62618.65,5/1/2015,4,North Michael,Canada,Yes,9.4,9
E102,Kathryn,Price,Female,37,Finance,Accountant,44876.06,5/21/2013,4,New Patrickview,Canada,No,5.8,0
E103,Alexandra,Foster,Male,30,Finance,Finance Manager,73129.97,11/9/2016,3,Figueroashire,Canada,No,1.8,36
E104,Mary,Peck,Female,24,Operations,Project Coordinator,78770.26,4/24/2017,2,North Sean,Canada,Yes,19.6,0
E105,Jacob,Smith,Male,54,IT,Software Engineer,53513.9,7/12/2017,1,New Kathleenfurt,USA,No,1,40
E106,Gary,Fox,Non-binary,51,Operations,Procurement Officer,120294.41,9/11/2018,3,Port Cheryl,Canada,No,8.3,3
E107,Michael,Boyle,Female,47,Finance,Finance Manager,49671.03,1/5/2018,5,Christophertown,USA,No,2.9,29
E108,Cameron,Mora,Non-binary,58,Operations,Project Coordinator,43272.5,7/10/2022,3,Warrenbury,USA,No,0.7,38
E109,Charles,Washington,Female,21,Finance,Accountant,149722.49,8/29/2019,2,Thomasport,USA,No,18.1,12
E110,Daniel,Smith,Female,29,Sales,Sales Executive,138209.97,2/10/2019,1,Vanessafurt,USA,No,15.5,40
E111,Cassandra,Morgan,Male,49,HR,Recruiter,63210.08,2/25/2016,3,West Michelle,USA,No,8.3,11
E112,Robert,Sanchez,Female,36,Finance,Auditor,50757.92,7/28/2022,1,East Amychester,USA,Yes,0.9,3
E113,Jennifer,Johnson,Male,60,IT,IT Support,48915.64,12/22/2010,1,Phillipsville,USA,Yes,3.1,5
E114,Lisa,Nguyen,Female,46,Marketing,Content Strategist,127509.69,10/27/2014,4,Robertston,Canada,No,11.9,38
E115,Kerri,Gonzalez,Male,28,Marketing,Social Media Manager,99533.59,1/26/2014,5,Jacksonfurt,USA,No,3.8,28
E116,David,Nelson,Female,52,Operations,Logistics Specialist,70725.3,12/19/2013,1,New Frank,USA,No,2.2,40
E117,Robert,Romero,Non-binary,53,Operations,Procurement Officer,38281.21,9/3/2021,3,Lake David,USA,Yes,5.6,29
E118,Ana,Brown,Female,49,Finance,Auditor,52016.09,11/20/2020,4,Christopherfort,USA,No,14.1,38
E119,Julia,Mora,Male,39,Operations,Logistics Specialist,97036.5,5/10/2025,5,Nicholasville,USA,Yes,14.7,29
E120,Jacob,Huang,Non-binary,36,Marketing,SEO Specialist,67650.98,2/29/2016,4,Lake Dawnchester,Canada,No,16.2,29
E121,Angela,Singh,Male,54,IT,System Administrator,142921.33,7/27/2018,2,East Danielview,USA,No,2.2,14
E122,Brandon,Vance,Male,60,IT,Data Analyst,65354.59,2/15/2019,5,North Johnny,Canada,No,8.8,0
E123,Cody,Moreno,Male,43,IT,Data Analyst,119813.81,1/30/2021,1,Jeffreyton,USA,No,13.3,18
E124,Julie,Castillo,Female,31,HR,HR Coordinator,52925.43,6/29/2016,2,Johnfurt,Canada,No,2,11
E125,Gina,Snyder,Male,40,HR,Talent Specialist,90361.29,9/8/2023,1,Latashaside,USA,No,0.9,31
E126,Jessica,Miller,Female,27,Finance,Financial Analyst,54539.3,3/30/2021,1,Lake Nathan,Canada,Yes,3.4,29
E127,Donna,Wheeler,Non-binary,45,IT,Software Engineer,52228.51,3/19/2017,4,Port Kevinshire,Canada,No,17.3,40
E128,Mary,Bell,Male,60,Marketing,SEO Specialist,110701.63,3/8/2011,5,Port Elizabeth,USA,No,3.3,40
E129,Adam,Smith,Non-binary,27,Finance,Finance Manager,137159.4,2/28/2025,3,East Christopher,USA,No,0.8,19
E130,Maria,Drake,Non-binary,52,Operations,Operations Manager,115398.53,3/27/2018,5,Travisside,USA,No,0.8,0
E131,William,Garcia,Non-binary,26,IT,Software Engineer,90909.27,7/17/2015,1,North Michael,USA,Yes,2.2,30
E132,Gary,Davis,Non-binary,52,Operations,Project Coordinator,143659.62,7/24/2011,5,North Kayla,USA,Yes,17.8,21
E133,Stephanie,Mcdonald,Non-binary,35,Sales,Sales Representative,108120.15,6/9/2023,2,Lake Amberfort,USA,Yes,19.9,25
E134,Keith,Phillips,Non-binary,56,HR,Recruiter,97418.13,2/14/2016,5,South Billy,USA,Yes,7.5,11
E135,Nicole,Mclaughlin,Male,40,Operations,Operations Manager,84990.2,9/25/2018,2,Powersport,USA,Yes,9.5,29
E136,Elizabeth,Goodman,Male,32,IT,System Administrator,130983.5,2/8/2017,3,Port Kelly,Canada,No,2,28
E137,Kevin,Mitchell,Female,26,Finance,Accountant,80926.92,1/6/2013,4,Sullivanfurt,USA,Yes,0.8,17
E138,Barbara,Adams,Female,23,Finance,Accountant,68421.8,5/29/2021,5,Keithton,USA,Yes,7.6,11
E139,Sophia,Mcguire,Male,40,HR,HR Manager,78832.09,8/13/2012,3,West Vincentstad,Canada,No,16.9,10
E140,Renee,Cook,Male,50,Operations,Operations Manager,111080.22,1/21/2013,2,South Rebeccaland,USA,No,15.4,40
E141,Michael,Forbes,Male,34,Finance,Finance Manager,48408.38,10/24/2018,3,East Amy,Canada,No,14.6,17
E142,Thomas,Rojas,Male,36,Operations,Operations Manager,45233.03,8/17/2016,2,Lake Nicholas,Canada,Yes,15.9,15
E143,Suzanne,Anderson,Female,45,IT,IT Support,127634.5,10/20/2013,2,Kristinmouth,Canada,Yes,19.5,5
E144,David,Woods,Non-binary,22,HR,Recruiter,145578.72,7/17/2013,5,Lake Antonioton,Canada,No,19.8,8
E145,Mark,Johnson,Male,59,Marketing,Marketing Manager,76592.73,6/13/2023,5,Lake Timothyton,USA,Yes,11.2,30
E146,Logan,Madden,Female,30,IT,Software Engineer,80799.22,6/19/2017,2,Smithhaven,Canada,No,3.6,28
E147,Brian,Harrison,Male,43,Finance,Financial Analyst,49429.51,3/7/2021,1,Smithhaven,Canada,Yes,10.6,34
E148,Norma,Castillo,Male,53,Operations,Logistics Specialist,99775.72,9/9/2016,4,New Valeriemouth,Canada,No,19.7,29
E149,Tyler,Benson,Male,56,Sales,Sales Manager,109518.76,12/10/2012,5,Robinsonbury,Canada,Yes,17,6
E150,Daniel,Ross,Male,39,HR,HR Manager,99760.75,7/1/2022,4,Lake Williamchester,USA,Yes,12.8,25
E151,Joshua,Burgess,Non-binary,40,IT,Software Engineer,91373.62,6/17/2020,2,Nolanmouth,Canada,Yes,4.3,2
E152,Brian,Lopez,Non-binary,56,IT,Data Analyst,44965.51,12/24/2015,5,Banksmouth,Canada,No,6.2,15
E153,Lisa,Jennings,Non-binary,56,Marketing,Marketing Manager,120286.04,7/30/2025,4,Port Jacqueline,Canada,No,5.6,37
E154,Craig,Reed,Non-binary,27,HR,Talent Specialist,114505.33,8/3/2012,3,South Lauraberg,USA,No,3.9,4
E155,Haley,Chavez,Female,55,IT,Software Engineer,71700.98,3/28/2020,3,Kristinaport,USA,No,1.6,40
E156,Karen,Morrison,Female,28,Marketing,Social Media Manager,128838.98,12/26/2012,4,North Jacksonmouth,Canada,Yes,16.5,36
E157,David,Kirk,Male,42,HR,HR Manager,76243.36,12/24/2023,2,Lake Sabrina,Canada,Yes,8.5,32
E158,Christopher,Clark,Female,54,HR,Talent Specialist,70320.11,7/21/2016,2,South Ryanmouth,USA,Yes,6.6,0
E159,Gabriel,Webb,Female,33,Operations,Operations Manager,119002.51,12/4/2017,2,West Robin,USA,No,0.8,30
E160,James,Thomas,Non-binary,48,Marketing,SEO Specialist,143156.75,12/19/2015,2,Lake Anthony,Canada,No,12.6,40
E161,Alison,Hart,Female,39,HR,HR Coordinator,102847.33,7/30/2019,4,Lake Allisonmouth,USA,No,2.1,30
E162,Jason,Alvarez,Male,22,Finance,Financial Analyst,66473.01,6/20/2023,1,Luisstad,Canada,Yes,18.7,7
E163,Jeffrey,Garcia,Female,45,Sales,Sales Executive,59724.78,6/19/2023,4,Goodwinfort,USA,Yes,19.8,37
E164,Elizabeth,Barrett,Female,37,Sales,Sales Manager,66435.75,2/1/2016,4,Ryanview,USA,No,11.7,13
E165,Jessica,Ramos,Male,42,Finance,Financial Analyst,119002.21,6/6/2018,3,Port Danny,USA,Yes,5.6,27
E166,Devon,Mosley,Male,50,Sales,Sales Executive,60085.88,10/23/2024,3,Rachaelmouth,USA,Yes,5.9,20
E167,Louis,Hoffman,Male,43,Operations,Procurement Officer,57769.28,6/25/2018,5,South Nicholas,Canada,Yes,14.4,38
E168,Michele,Villa,Female,38,HR,HR Coordinator,111536.6,8/9/2011,3,Port Deborahville,Canada,Yes,8.2,30
E169,Lindsay,Mcclure,Male,48,Sales,Sales Representative,51163.69,12/9/2018,1,Lake Tiffany,Canada,No,7.8,6
E170,April,Harvey,Non-binary,53,IT,Software Engineer,109635.19,9/20/2012,2,East Timothytown,USA,Yes,13.4,12
E171,Sara,Smith,Non-binary,34,HR,Recruiter,64478.44,11/27/2014,5,Cameronton,Canada,Yes,12.6,17
E172,Sherri,Nixon,Non-binary,31,Sales,Sales Manager,115615.87,12/19/2020,2,Elliottchester,Canada,No,4.8,28
E173,Michael,Mcmahon,Female,39,Marketing,Content Strategist,132337.5,1/28/2020,2,West Christine,USA,No,9.9,0
E174,Michele,Lewis,Male,30,Sales,Account Manager,144884.16,1/5/2012,3,Port Ashleyside,Canada,No,17.7,27
E175,Jessica,Carr,Female,53,Marketing,Content Strategist,143226.36,4/12/2018,2,Lake Ashleystad,Canada,Yes,1.1,26
E176,Robert,Brooks,Female,37,HR,HR Manager,90889.12,11/19/2013,1,Andrewsside,Canada,Yes,17.8,10
E177,Andrew,Jensen,Non-binary,29,HR,Recruiter,84440.28,6/20/2018,2,Mclaughlinville,Canada,Yes,9.8,24
E178,Phyllis,Gregory,Female,30,Marketing,Content Strategist,110929.35,10/28/2011,2,Lake Antonio,USA,Yes,19.3,16
E179,Brandon,Haas,Non-binary,51,Operations,Procurement Officer,103728.69,9/29/2015,1,Port Scott,USA,Yes,10.6,28
E180,Adrian,Morales,Female,26,Finance,Finance Manager,87426.97,11/29/2013,2,Rayview,Canada,No,11.9,10
E181,Jennifer,Barber,Female,34,Marketing,Marketing Manager,149626.37,2/9/2013,2,Lake James,USA,No,5,14
E182,Donald,Lynn,Male,34,Finance,Financial Analyst,136094.42,8/16/2017,5,Port Timothy,USA,Yes,16.6,3
E183,Jill,Hubbard,Male,53,HR,HR Coordinator,66027.22,11/11/2013,3,Mooreland,USA,No,19.1,23
E184,Dean,Smith,Non-binary,34,HR,Recruiter,36428.75,2/20/2011,2,North Deborahfurt,USA,No,1.9,7
E185,Kaitlyn,Reynolds,Male,43,Operations,Project Coordinator,48305.74,1/4/2022,5,West Sarah,Canada,No,4.1,9
E186,Michael,Davis,Female,26,IT,Data Analyst,91260,7/28/2017,5,Kevinborough,USA,Yes,9.7,32
E187,Carlos,Porter,Female,40,Operations,Project Coordinator,63115.85,12/8/2021,1,Guerrerochester,USA,Yes,14.4,30
E188,Jeffrey,Russell,Female,58,HR,HR Manager,122599.07,9/25/2015,1,South James,Canada,No,18.5,11
E189,George,Shields,Non-binary,30,Sales,Sales Representative,113674.94,11/3/2016,1,Bakertown,USA,No,15.6,14
E190,Steven,Boyd,Male,57,Sales,Sales Executive,140149.93,8/12/2024,1,Lake Carl,Canada,Yes,3.8,39
E191,Jason,Riggs,Male,38,IT,Data Analyst,62102.25,5/4/2024,1,New John,Canada,No,14.7,11
E192,David,Morris,Female,32,Operations,Logistics Specialist,119709.59,4/23/2012,3,West Barbara,Canada,No,2.1,18
E193,Jacob,Calderon,Non-binary,24,Operations,Project Coordinator,65740.29,10/8/2011,3,Elliston,Canada,No,3.6,38
E194,Vickie,Perez,Male,49,IT,Software Engineer,77727.65,11/28/2023,5,West Maria,USA,No,19.7,37
E195,Corey,Brown,Female,38,Operations,Procurement Officer,132609.62,8/19/2018,1,Evanston,Canada,No,17.8,14
E196,Justin,Burgess,Non-binary,25,Operations,Logistics Specialist,131381.38,9/3/2020,2,East Andrew,USA,Yes,7.9,31
E197,Sherri,Graves,Male,32,IT,IT Support,133822.13,2/7/2023,1,Johnland,USA,No,15.1,34
E198,Amanda,Foster,Female,55,Marketing,Social Media Manager,80835.53,9/23/2015,4,South Melissa,Canada,No,2.5,28
E199,Elizabeth,Torres,Female,49,Finance,Financial Analyst,61198.4,4/18/2019,4,Mitchellberg,Canada,Yes,0,40
E200,Caleb,Castaneda,Male,48,HR,Recruiter,97313.14,6/26/2011,2,Louisport,USA,Yes,5,0
E201,John,King,Male,29,Marketing,SEO Specialist,113048.61,4/11/2024,1,Wilsonhaven,USA,Yes,5.8,31
E202,Luke,Nunez,Non-binary,25,Finance,Finance Manager,96385.02,10/30/2014,3,Brianborough,Canada,Yes,8.1,1
E203,Bruce,Shaw,Male,53,IT,Data Analyst,134175.28,1/19/2016,4,East Virginiashire,Canada,No,6.3,28
E204,Kristina,Huffman,Male,40,Marketing,Social Media Manager,119355.39,6/30/2023,4,Matthewfort,USA,No,16.2,29
E205,John,Williams,Non-binary,27,Marketing,Content Strategist,98280.95,2/23/2023,4,West Dustinside,Canada,No,19.9,10
E206,Gerald,Charles,Non-binary,37,Operations,Procurement Officer,112119.6,11/27/2012,5,South Shelly,USA,No,17.7,38
E207,Samantha,Garcia,Non-binary,51,Marketing,SEO Specialist,84690.14,3/14/2025,3,Williamsmouth,USA,No,7.9,36
E208,Ryan,Martin,Non-binary,30,Operations,Procurement Officer,129426.58,8/28/2012,4,Robertfurt,Canada,Yes,11.3,29
E209,Tiffany,Taylor,Female,53,Finance,Auditor,132295.06,1/11/2015,1,Melissashire,USA,Yes,12,38
E210,Alicia,Montoya,Male,36,Marketing,Social Media Manager,131906.38,2/24/2017,4,North Dawnside,Canada,Yes,14.8,3
E211,Evan,Hanson,Female,22,HR,HR Manager,126083.76,3/28/2017,2,Lake Catherinefurt,Canada,Yes,17.2,6
E212,Dustin,Burton,Non-binary,31,Operations,Project Coordinator,48542.33,8/5/2020,3,Jenniferburgh,USA,Yes,12,21
E213,Nicole,Dixon,Non-binary,58,Sales,Account Manager,92696.9,4/14/2018,2,North Logan,USA,Yes,3.1,29
E214,Brandy,Smith,Male,49,Sales,Sales Executive,149425.65,11/16/2024,4,Johnathanhaven,USA,Yes,17.3,1
E215,Kendra,Ward,Male,43,HR,HR Coordinator,141751.36,8/15/2021,5,Lake Joseph,USA,No,9.1,25
E216,Sharon,Whitehead,Non-binary,57,Sales,Sales Representative,105598.6,6/17/2013,5,Hughesport,Canada,Yes,0.4,11
E217,Heather,Miller,Non-binary,35,IT,IT Support,47240.44,10/5/2022,1,Lake Craig,Canada,Yes,5.4,27
E218,Diamond,Howard,Female,58,Operations,Procurement Officer,120790.09,5/7/2020,3,North Walter,Canada,Yes,7.5,20
E219,Emily,Rose,Male,58,Sales,Account Manager,109961.03,10/13/2019,4,Danielhaven,USA,No,8.1,34
E220,Erin,Cummings,Female,32,Operations,Procurement Officer,104220,8/28/2016,2,South Brendan,Canada,Yes,6.7,12
E221,Richard,Mathews,Female,48,Finance,Auditor,51398.13,6/25/2024,3,Jamesville,Canada,Yes,9.1,18
E222,Teresa,Hernandez,Male,60,IT,IT Support,95047.72,5/31/2016,5,Wayneville,Canada,Yes,9.8,30
E223,Karen,Sanchez,Non-binary,53,Operations,Project Coordinator,118670.36,1/28/2015,5,Vasquezside,Canada,Yes,17.9,9
E224,Anna,Ferguson,Male,32,Marketing,Content Strategist,85843.57,9/9/2012,3,Robinsonfort,Canada,No,7.5,6
E225,Stephen,Brown,Non-binary,51,Sales,Sales Manager,110942.25,8/21/2019,2,Jonesland,USA,No,14,1
E226,Michele,Owen,Female,39,Finance,Financial Analyst,90832.08,1/9/2015,5,New Virginia,Canada,Yes,1,39
E227,Tracy,Williams,Female,57,Operations,Project Coordinator,38689.42,8/19/2016,4,Lindaville,USA,No,18.8,32
E228,Jessica,Cook,Male,31,Finance,Financial Analyst,80426.45,10/5/2014,4,North Melissa,USA,Yes,4.9,35
E229,Aaron,Lewis,Female,53,HR,Recruiter,132250.69,4/11/2011,3,Brandonview,USA,Yes,14.3,24
E230,Tina,Mccormick,Non-binary,37,Operations,Operations Manager,77269.1,10/3/2012,1,Yangburgh,Canada,No,19.7,15
E231,Scott,Burch,Non-binary,30,Sales,Sales Representative,65961.71,8/9/2021,1,Lewisfort,USA,No,5,20
E232,Stacey,Chandler,Male,33,Finance,Finance Manager,38449.11,10/18/2019,1,South Kiara,USA,Yes,19,9
E233,Pamela,Cardenas,Male,39,Marketing,Social Media Manager,62968.5,12/16/2017,3,Port John,USA,Yes,0.2,35
E234,Rachel,Miller,Female,55,IT,System Administrator,87085.2,6/19/2018,4,South Kendrachester,Canada,Yes,18.1,11
E235,Jonathan,Burns,Male,36,IT,Data Analyst,79811.03,2/7/2015,3,Timothymouth,USA,Yes,0.4,28
E236,Jason,Wells,Male,58,HR,HR Manager,65597.36,2/16/2016,4,Crystalchester,Canada,Yes,14.4,20
E237,Jasmine,Hill,Non-binary,44,Sales,Sales Manager,46360.52,7/21/2025,3,Lake Monicaville,USA,No,4.8,8
E238,Tracy,Stephens,Non-binary,43,IT,Software Engineer,82042.61,9/25/2022,2,North Amyville,USA,Yes,15,6
E239,Wesley,Daniel,Non-binary,59,Sales,Sales Representative,38134.28,3/8/2018,1,South Mckenzie,Canada,Yes,0.1,17
E240,Adam,Nelson,Female,30,HR,Recruiter,72784.72,12/30/2023,1,New Alanview,Canada,No,4.5,28
E241,Robert,Morrison,Male,47,Operations,Project Coordinator,109612.15,4/6/2024,5,New Carol,USA,No,1,13
E242,Katelyn,Perry,Male,24,Finance,Financial Analyst,88645.19,5/16/2022,1,Farrellport,Canada,No,3.6,21
E243,Margaret,Patrick,Non-binary,50,Marketing,Content Strategist,46783.31,9/27/2017,3,West Dannyberg,USA,No,12.7,35
E244,Jessica,Barnes,Non-binary,27,Sales,Account Manager,148847.47,7/16/2012,5,Alexandrafort,Canada,Yes,10.1,14
E245,Christina,Schultz,Male,50,Finance,Finance Manager,136201.25,3/20/2015,1,Nathanfort,USA,Yes,17.3,22
E246,Eric,Young,Non-binary,32,Marketing,Marketing Manager,130932.29,8/18/2017,2,East Eric,Canada,No,17.3,3
E247,Nicole,Hansen,Male,40,IT,IT Support,121692.6,4/13/2015,2,Johnsontown,USA,No,9.6,12
E248,Jimmy,Estrada,Female,60,HR,Recruiter,44130.81,9/4/2011,4,New Patricia,Canada,No,18.2,16
E249,Cynthia,Chavez,Female,39,Sales,Sales Representative,83941.5,11/21/2020,1,South Ashley,Canada,Yes,5.8,25
E250,Kelly,Holt,Non-binary,60,HR,HR Coordinator,53214.62,2/29/2016,1,Port Zachary,Canada,No,6.1,9
E251,Mark,Thomas,Female,32,Operations,Operations Manager,95665.58,10/11/2014,1,West Margaret,Canada,No,1.9,18
E252,Patricia,Davis,Non-binary,25,Sales,Sales Manager,91747.41,12/22/2012,2,North Kimberly,Canada,Yes,13.1,26
E253,Katrina,Morgan,Male,24,HR,HR Manager,71369.23,9/20/2023,4,Randytown,USA,No,14.6,15
E254,Brian,Carpenter,Female,28,Operations,Procurement Officer,143916.13,2/26/2013,2,Lake Stacey,USA,Yes,10.7,38
E255,Dale,Valenzuela,Non-binary,47,HR,Talent Specialist,83722.43,11/8/2011,4,South Robinton,USA,No,4.1,9
E256,Zoe,Martinez,Female,60,Finance,Financial Analyst,106549.27,11/14/2018,5,West Ashley,USA,No,1.5,8
E257,Tammy,Figueroa,Female,36,Sales,Sales Executive,77040.29,5/8/2025,5,Katelynland,USA,No,11.7,27
E258,Robin,Taylor,Female,47,Marketing,Marketing Manager,82430.86,4/17/2013,5,South Angelahaven,Canada,Yes,14.7,10
E259,Anna,Drake,Male,48,Marketing,SEO Specialist,122538.8,12/9/2016,1,Harperchester,Canada,Yes,2.3,35
E260,Dennis,Silva,Female,22,Operations,Logistics Specialist,72188.31,3/11/2014,3,Danielfurt,USA,No,3.3,16
E261,James,Flores,Male,42,Operations,Operations Manager,84773.88,7/27/2018,1,New Rebecca,Canada,No,6.3,14
E262,Sean,Burch,Female,26,Sales,Sales Executive,136727.58,9/17/2015,3,Port Emilyhaven,Canada,Yes,1,9
E263,Aaron,Hester,Male,23,Operations,Logistics Specialist,121175.93,6/4/2018,4,Yangshire,USA,No,12.9,28
E264,Edward,Duncan,Female,42,Operations,Project Coordinator,83932.94,2/28/2015,5,South Martin,Canada,No,17.6,24
E265,Mark,Lewis,Non-binary,53,Sales,Sales Executive,76830.97,1/14/2023,3,Lake Jesse,USA,No,11,2
E266,Michael,Martinez,Male,33,HR,Talent Specialist,74949.85,2/19/2025,1,Kramerton,Canada,Yes,11.7,21
E267,Ryan,Russell,Male,33,Finance,Auditor,110068.54,11/28/2019,1,Aaronchester,Canada,Yes,1.7,22
E268,Roberta,Clarke,Male,34,HR,HR Manager,108924.35,4/28/2014,3,Lake Jamesville,Canada,No,2.2,24
E269,Alexandra,Coleman,Non-binary,60,Finance,Financial Analyst,83522.09,7/27/2015,3,Lake Lisa,USA,Yes,5.8,11
E270,William,White,Male,59,Finance,Finance Manager,41197.55,5/7/2019,4,Michaelberg,USA,No,15.1,8
E271,Rachel,Williams,Male,34,HR,Talent Specialist,96127.78,2/23/2016,1,Oliviachester,USA,Yes,5.7,27
E272,Paige,Small,Male,56,IT,Data Analyst,42214.86,3/20/2024,2,Larsonside,USA,No,7.8,11
E273,William,Reyes,Female,54,IT,Software Engineer,143204.78,3/30/2025,3,Bradleyshire,USA,No,2.1,5
E274,Erica,Rubio,Female,42,Finance,Financial Analyst,106283.73,3/3/2012,4,South Patriciaville,USA,No,10.2,32
E275,Timothy,Johnson,Male,58,Finance,Finance Manager,127565.87,1/20/2019,2,West Johnland,USA,Yes,10.1,10
E276,Jacob,Dixon,Male,55,Finance,Auditor,35817.26,5/24/2014,4,East Jonathan,Canada,No,4.4,32
E277,David,Mcgrath,Non-binary,57,Operations,Operations Manager,92609.01,1/11/2018,4,East Tracytown,Canada,Yes,4,33
E278,Emily,Keith,Female,35,Sales,Sales Executive,140644.79,10/17/2022,4,Lake Jasonside,Canada,No,15.1,40
E279,Gary,Hernandez,Non-binary,32,HR,HR Coordinator,73838.48,5/28/2022,1,North Andrewside,USA,Yes,18.8,11
E280,Paula,Foster,Female,50,HR,HR Manager,146252.28,11/6/2015,1,Aguilarborough,Canada,Yes,12.1,20
E281,Yvonne,Perry,Female,27,Marketing,Content Strategist,84335.38,8/28/2021,5,Ramseyhaven,Canada,Yes,17.2,34
E282,April,Stephens,Female,40,HR,Talent Specialist,130972.78,10/22/2017,5,Williamsfort,USA,No,3.9,28
E283,Logan,Sanchez,Female,37,Operations,Project Coordinator,112285.61,8/13/2020,3,Port Joe,USA,Yes,2.5,28
E284,Shannon,Noble,Male,29,Operations,Project Coordinator,105947.82,5/19/2021,5,Lisamouth,USA,Yes,4.3,32
E285,Benjamin,Stanley,Non-binary,44,HR,HR Manager,98109.63,8/17/2013,5,Hurstshire,Canada,No,0.5,10
E286,Paul,Williams,Non-binary,30,Marketing,Content Strategist,77900.53,9/18/2024,1,East Andrew,USA,No,16.6,13
E287,Monica,Martinez,Non-binary,34,Sales,Account Manager,131663.72,12/4/2024,1,Rossmouth,Canada,No,14.9,30
E288,Jordan,Long,Male,35,HR,HR Coordinator,98384.23,1/18/2020,1,West James,Canada,Yes,2.6,1
E289,Patricia,Reyes,Male,59,Sales,Account Manager,92583.49,7/26/2019,3,New Mary,Canada,No,1.7,12
E290,John,Lucas,Female,49,IT,Data Analyst,70640.71,12/12/2022,5,South Mason,USA,Yes,3.4,25
E291,Lisa,Middleton,Non-binary,51,Sales,Sales Manager,106508.02,4/17/2019,4,Donnabury,Canada,Yes,7.1,20
E292,Ronald,Smith,Female,60,Marketing,SEO Specialist,86535.07,5/29/2024,4,Everettshire,Canada,Yes,1.9,16
E293,Danielle,Ross,Male,30,Finance,Accountant,124321.07,12/22/2014,3,Foxville,USA,Yes,14.2,10
E294,Brittany,Caldwell,Non-binary,44,Marketing,Content Strategist,109817.98,2/17/2013,1,South Juliefort,USA,Yes,15.4,14
E295,Stacy,Anderson,Female,52,IT,Software Engineer,42716.28,7/23/2021,5,West Danielchester,USA,Yes,16.8,29
E296,Emily,Nguyen,Female,51,IT,System Administrator,112873.95,9/8/2016,1,Berryfort,USA,No,3.7,4
E297,Christopher,Kim,Male,57,IT,IT Support,40445.72,12/6/2022,1,South Erinberg,Canada,Yes,2.8,25
E298,James,Arnold,Male,52,Finance,Accountant,129696.32,11/26/2024,2,Christopherborough,Canada,Yes,2.9,1
E299,Donna,Munoz,Male,24,Marketing,SEO Specialist,39459.25,4/12/2012,1,Poncestad,Canada,Yes,0.8,4
E300,Yvonne,Moss,Male,49,HR,Talent Specialist,147107.99,4/17/2013,1,New Dennis,Canada,Yes,14,22
E301,Tyler,Joyce,Non-binary,23,Operations,Operations Manager,47456,7/8/2016,3,New Danny,USA,Yes,5.2,12
E302,Steven,Perez,Non-binary,41,Sales,Account Manager,89519.71,6/29/2020,5,Port Karen,Canada,Yes,14.9,9
E303,Jason,Garcia,Non-binary,22,Operations,Operations Manager,112368.03,6/27/2019,4,Jessicaville,Canada,Yes,10.8,28
E304,Paula,Wilson,Female,37,Sales,Sales Representative,103810.27,7/19/2011,2,Danielland,USA,No,18.1,15
E305,Mary,Hall,Male,51,Operations,Procurement Officer,52546.47,5/2/2017,4,New Laura,USA,Yes,9.5,0
E306,Richard,James,Male,23,IT,System Administrator,103336.69,6/1/2013,3,Port Karen,Canada,No,18.3,40
E307,Scott,Mendez,Female,49,Finance,Auditor,40642.25,5/11/2021,2,East Bradleybury,Canada,Yes,1.1,28
E308,Melissa,Thomas,Female,56,Operations,Operations Manager,127814.79,2/4/2024,4,New Henryshire,USA,No,17,28
E309,John,Hughes,Male,21,Marketing,Social Media Manager,129547.27,4/3/2018,1,Lake Chad,USA,No,13.1,11
E310,Melissa,Hall,Male,54,Finance,Financial Analyst,89491.79,5/11/2017,2,Kendrahaven,USA,No,4,33
E311,Rhonda,King,Non-binary,38,HR,HR Coordinator,103062.59,2/18/2016,4,South Lucas,Canada,No,1.7,24
E312,Jessica,Edwards,Male,40,Sales,Sales Manager,100577.3,6/1/2022,2,Lake Carolton,USA,No,6.4,26
E313,Michael,Fisher,Female,22,IT,Data Analyst,114543.05,1/13/2011,2,West Bernard,USA,No,5.8,16
E314,Nichole,Hernandez,Female,34,Operations,Logistics Specialist,61594.75,2/3/2019,4,Josephville,USA,Yes,12.6,26
E315,Oscar,Goodman,Non-binary,42,IT,System Administrator,97752.85,12/15/2024,3,Millerfurt,USA,Yes,2.7,16
E316,Caroline,Douglas,Male,42,Operations,Procurement Officer,39220.43,1/8/2024,1,North Rebecca,Canada,Yes,16.9,27
E317,Valerie,Gregory,Male,31,Operations,Project Coordinator,128150.61,4/13/2024,2,Tinaton,USA,Yes,2.3,17
E318,Sean,Gonzales,Non-binary,33,Operations,Project Coordinator,76241.66,2/19/2022,3,Lake Bethany,USA,Yes,0.6,28
E319,Tanya,Wright,Non-binary,32,Marketing,Content Strategist,103038.48,1/15/2013,2,West Lindabury,Canada,Yes,7.5,25
E320,Anna,Powers,Non-binary,33,Finance,Finance Manager,94442.14,12/30/2011,3,Hernandezton,Canada,No,8.4,31
E321,Arthur,Tucker,Female,25,IT,Data Analyst,63158.96,1/3/2021,4,West Julie,USA,Yes,15.7,37
E322,Raymond,Norris,Female,44,Marketing,Content Strategist,44711.96,3/24/2012,1,Briggstown,USA,Yes,9.1,22
E323,Alexis,Peters,Female,58,Sales,Sales Executive,90738,9/29/2012,1,Billyborough,Canada,No,2.4,1
E324,Andrea,Richmond,Male,41,Marketing,SEO Specialist,54862.47,3/2/2024,4,Baileymouth,USA,Yes,8.9,8
E325,Sarah,Brown,Female,27,Marketing,Content Strategist,45355.92,12/4/2021,5,Joshualand,USA,Yes,6.3,18
E326,Rebecca,Allen,Female,45,Sales,Sales Representative,85066.96,4/2/2023,2,Whitneybury,USA,Yes,19.9,1
E327,Kristin,Warren,Non-binary,52,Operations,Procurement Officer,108560.85,9/3/2014,2,Hickstown,USA,No,19.5,40
E328,Amber,Smith,Non-binary,56,IT,System Administrator,132235.91,1/14/2021,2,South Brianmouth,Canada,No,5.4,14
E329,Mary,Diaz,Male,26,IT,IT Support,77596.67,4/29/2023,3,West Lori,USA,No,3.1,20
E330,Deanna,Chen,Non-binary,32,HR,Talent Specialist,116903.86,10/24/2024,1,Danachester,USA,No,15.6,20
E331,Ricardo,Gilmore,Female,53,IT,Data Analyst,112308.04,2/21/2021,4,South Davidmouth,Canada,No,15.6,33
E332,Katie,Aguirre,Male,26,IT,Software Engineer,134507.93,5/19/2015,4,South Breannachester,Canada,Yes,7.8,36
E333,Valerie,Palmer,Non-binary,23,Operations,Procurement Officer,145443.2,3/28/2020,5,Evansview,Canada,Yes,12.8,38
E334,Marissa,Howe,Female,24,Sales,Account Manager,75930.81,2/23/2019,1,Heatherburgh,Canada,Yes,16,19
E335,Richard,Rivas,Male,33,Marketing,Marketing Manager,77843.87,12/3/2015,3,New Amy,Canada,No,7.6,16
E336,Lance,Lawson,Non-binary,51,Sales,Account Manager,99560.08,10/24/2024,5,Murphychester,Canada,Yes,18.4,21
E337,Colin,Becker,Male,36,Sales,Sales Executive,57711.89,8/14/2021,1,Nguyenville,Canada,Yes,16.2,39
E338,Catherine,Adams,Female,22,HR,Recruiter,109107.6,3/21/2016,3,North Angela,USA,No,4.9,40
E339,Thomas,Jacobs,Female,27,IT,Data Analyst,137981.23,9/25/2014,1,New Anthony,Canada,No,18.1,21
E340,Ashley,Flynn,Female,25,Sales,Sales Executive,92656.92,11/23/2024,4,Port Susan,Canada,Yes,10,27
E341,Suzanne,Ford,Non-binary,44,Finance,Auditor,104223.05,11/6/2014,2,Kevintown,USA,Yes,13.2,38
E342,Claire,Smith,Non-binary,43,Sales,Account Manager,86818.79,5/12/2020,4,Santiagomouth,USA,Yes,12.2,14
E343,Rebecca,Perez,Non-binary,48,Sales,Sales Manager,99032.01,3/20/2014,4,Lewisland,Canada,No,13.3,21
E344,Lori,Green,Male,55,Operations,Operations Manager,129691.24,7/10/2013,3,Port Brandon,USA,Yes,13.9,37
E345,Kimberly,Pearson,Male,32,Operations,Procurement Officer,89766.37,4/23/2020,4,East Roy,Canada,No,4.4,27
E346,Joseph,Smith,Non-binary,55,Sales,Sales Representative,43775.59,5/12/2023,4,Contrerasburgh,Canada,No,1.8,11
E347,Benjamin,Gray,Non-binary,34,IT,System Administrator,58746.96,8/28/2014,2,East Amandaview,Canada,Yes,10.3,7
E348,Linda,White,Female,37,Sales,Sales Executive,63435.39,7/31/2012,2,North Robert,Canada,Yes,11.3,10
E349,Eric,Hernandez,Male,30,Operations,Logistics Specialist,109155.39,6/22/2018,2,Hoffmanmouth,Canada,Yes,1.5,21
E350,David,Anderson,Female,27,Finance,Finance Manager,76703.28,10/8/2022,2,Stephaniechester,Canada,Yes,17.3,20
E351,David,Potter,Non-binary,59,Finance,Finance Manager,101694.94,11/11/2013,1,Douglaschester,Canada,No,14.7,38
E352,Neil,Williamson,Male,39,Marketing,Marketing Manager,100158.14,11/17/2012,3,East Lisabury,USA,Yes,15.8,38
E353,Angela,Jackson,Non-binary,22,Marketing,Content Strategist,35710.95,11/29/2011,1,West Donald,USA,Yes,4.9,40
E354,Susan,Hicks,Male,35,HR,HR Coordinator,142071.37,5/29/2023,5,Tracyfort,USA,No,11,38
E355,Robert,Bush,Non-binary,54,HR,Recruiter,114633.46,8/2/2025,5,Parkmouth,USA,No,0.9,23
E356,David,Yang,Male,36,Sales,Sales Executive,63551.52,5/25/2019,4,Taylorton,Canada,Yes,10.6,38
E357,Danny,Roberts,Non-binary,47,HR,Talent Specialist,115341.61,12/23/2018,5,Starktown,USA,No,6.3,40
E358,Michael,Mccormick,Male,24,Sales,Sales Representative,56704.98,3/22/2017,3,East Ericton,Canada,Yes,6.7,27
E359,Alyssa,Adams,Non-binary,39,HR,Recruiter,84913.51,8/28/2011,4,South Matthewton,Canada,No,5.8,24
E360,Brian,Brewer,Female,23,HR,Recruiter,142711.07,5/31/2015,4,West Angelamouth,Canada,No,11.1,17
E361,Dillon,Castro,Male,43,IT,Software Engineer,108160.95,6/26/2018,1,North Suzannefort,USA,Yes,8.7,5
E362,Kenneth,Velazquez,Female,49,HR,Talent Specialist,142534.16,5/1/2012,3,Ericbury,USA,No,17.5,26
E363,Mitchell,Gordon,Non-binary,50,HR,HR Manager,56514.8,3/19/2012,2,Vasquezland,USA,No,17.2,31
E364,David,Miller,Non-binary,57,Finance,Accountant,144792.82,8/29/2012,5,Christophershire,Canada,No,10.5,15
E365,Jason,Potts,Non-binary,59,IT,IT Support,38883.57,1/21/2023,2,North Megan,Canada,Yes,5.9,20
E366,James,Houston,Male,35,Marketing,SEO Specialist,110205.92,2/10/2016,5,Nicoleburgh,Canada,Yes,7,23
E367,Ray,Obrien,Female,50,HR,Recruiter,43800.77,12/19/2022,5,Danielleville,Canada,No,20,12
E368,Eric,Davidson,Male,49,Marketing,Marketing Manager,89489.02,5/6/2021,3,Lake Jennifer,Canada,Yes,15.6,34
E369,Kelsey,Taylor,Non-binary,37,HR,Recruiter,80677.54,4/17/2014,4,Lake Erinton,USA,Yes,6.1,4
E370,Melissa,Lowe,Female,21,Operations,Operations Manager,146752.51,5/30/2024,4,Richardsonburgh,Canada,Yes,20,13
E371,Jackson,Gibson,Male,26,Finance,Finance Manager,100930.04,1/17/2024,3,Port Karenshire,USA,No,16.5,38
E372,Travis,Nguyen,Male,29,Sales,Sales Executive,137668.6,3/18/2018,1,Jessicatown,Canada,No,9.1,37
E373,Dustin,Murray,Female,36,Finance,Accountant,144400.05,5/13/2017,1,Clayton,Canada,Yes,2.6,34
E374,Teresa,Carter,Non-binary,53,Finance,Auditor,106576.08,7/11/2023,3,Lake Susanview,Canada,Yes,2.5,27
E375,Jonathon,Pham,Non-binary,34,Finance,Auditor,117450.58,9/23/2025,1,Lauraburgh,USA,No,19,1
E376,Amanda,Foster,Female,40,Sales,Sales Manager,38792.39,6/2/2015,2,Port Crystal,USA,No,15.5,28
E377,Mary,Wood,Female,31,IT,Software Engineer,103690.59,11/25/2023,1,Lake Bethhaven,Canada,Yes,5.3,1
E378,Sara,Fitzgerald,Non-binary,56,Finance,Finance Manager,38121.34,3/29/2023,3,South Alexandra,Canada,Yes,11.5,28
E379,Miguel,Schaefer,Female,60,Operations,Project Coordinator,44331.91,5/16/2020,1,Rodriguezville,USA,Yes,4.5,28
E380,Frank,Olson,Non-binary,22,HR,HR Manager,55849.56,5/22/2020,5,Brittanytown,USA,No,17.3,23
E381,Shane,Mcclain,Female,25,Finance,Financial Analyst,107890.07,8/2/2015,3,Jonathanfurt,Canada,Yes,18.2,28
E382,Shelley,Harris,Non-binary,25,Operations,Operations Manager,146257.33,11/10/2018,4,West Alexisport,USA,No,12,4
E383,Jason,Solomon,Non-binary,47,Operations,Procurement Officer,136459.78,5/16/2021,5,South Heather,Canada,Yes,14.5,34
E384,Nathan,Berry,Female,21,Sales,Sales Representative,62650.89,2/17/2017,4,East Kevinmouth,USA,Yes,11.5,24
E385,Ethan,Patrick,Non-binary,60,IT,IT Support,85029.67,5/13/2019,5,Michellehaven,Canada,Yes,16.7,7
E386,Sandra,Quinn,Female,57,IT,Software Engineer,103165.31,9/24/2017,5,New Chelseaside,USA,No,9.6,3
E387,Amy,Jackson,Non-binary,58,HR,HR Manager,51907.95,4/18/2025,2,Reginastad,Canada,No,9.9,37
E388,Ethan,Adams,Female,49,IT,Data Analyst,128228.64,5/4/2014,3,Garnerville,Canada,Yes,3.5,16
E389,Tyler,Mendoza,Female,37,Sales,Account Manager,72817.67,5/16/2013,4,Whitechester,USA,No,15.9,4
E390,Cheryl,Chambers,Female,38,Operations,Logistics Specialist,143466.95,1/8/2011,3,West Jillburgh,USA,No,8.2,2
E391,Wendy,Smith,Female,55,Sales,Account Manager,90607.54,2/18/2021,5,Harveyburgh,USA,Yes,13.5,28
E392,Julia,Powell,Non-binary,29,HR,HR Coordinator,73248.87,2/21/2013,2,North Nicholas,Canada,Yes,17.5,35
E393,George,Bryan,Male,46,HR,HR Manager,131329.37,8/8/2014,1,North Krista,Canada,No,2.2,24
E394,Gregory,Harrison,Female,41,Marketing,Content Strategist,139188.58,12/11/2020,5,Thomasview,Canada,Yes,8.9,35
E395,Larry,Sims,Non-binary,45,Sales,Account Manager,108532.91,3/26/2020,5,North Reneefort,USA,Yes,13.8,22
E396,Erin,Johnson,Female,21,Operations,Logistics Specialist,125473.81,3/26/2025,3,Elizabethburgh,USA,No,1.4,33
E397,Cynthia,Li,Female,30,Operations,Procurement Officer,66303.89,1/2/2017,3,Mollyview,Canada,No,1.3,8
E398,Christopher,Clayton,Non-binary,31,Operations,Project Coordinator,146044.46,8/15/2013,2,Ericabury,USA,Yes,9,18
E399,James,Delgado,Female,37,IT,Data Analyst,75853.17,3/21/2011,3,Port Jennifer,USA,Yes,13.9,2
E400,Stephanie,Ortiz,Non-binary,33,Operations,Procurement Officer,51815.78,3/14/2016,1,Jameshaven,Canada,No,10.1,10
E401,Timothy,Boyle,Male,23,Sales,Sales Executive,94376.44,4/19/2024,1,South Alexandratown,USA,Yes,10.7,27
E402,Samantha,Perez,Male,36,Sales,Account Manager,130990.32,12/20/2021,2,Kellybury,USA,No,17,27
E403,Sean,Jackson,Female,35,Sales,Account Manager,37467.61,3/13/2011,2,Holmesport,Canada,Yes,15,25
E404,Heather,Nguyen,Male,48,Marketing,Content Strategist,128840.59,10/24/2018,5,West Dennisfort,USA,Yes,4.4,39
E405,Paul,Reeves,Female,57,Operations,Procurement Officer,39556.38,12/17/2023,5,Karenview,USA,Yes,16.9,4
E406,Melanie,Fuller,Male,60,HR,HR Coordinator,40159.95,5/4/2019,2,North Jaredside,USA,No,2.6,21
E407,Sarah,Harrison,Non-binary,32,IT,IT Support,113619.87,4/18/2017,5,New Kimberlyfort,Canada,Yes,10.6,3
E408,Felicia,Ford,Male,37,HR,Talent Specialist,141237.69,2/13/2024,4,Lake Crystal,USA,Yes,6.7,4
E409,Elaine,Shaw,Non-binary,42,Marketing,Content Strategist,85719.47,10/3/2023,3,West Jessicaberg,Canada,Yes,16,33
E410,Timothy,Thomas,Male,26,Finance,Auditor,37889.64,3/17/2019,2,Johnsonburgh,Canada,Yes,1.5,31
E411,Wanda,Miller,Male,27,Sales,Sales Representative,83832.1,5/17/2011,2,Port Victoria,Canada,Yes,19,23
E412,Christopher,Torres,Female,55,Operations,Operations Manager,126737.35,3/1/2011,3,New Gary,USA,Yes,2.7,12
E413,Colleen,Meyers,Non-binary,51,Marketing,Content Strategist,45254.98,8/9/2018,1,Melissabury,Canada,Yes,13,39
E414,Sarah,Brandt,Non-binary,39,Sales,Sales Executive,87911.17,9/27/2022,5,North Melissa,Canada,No,13.2,13
E415,Lisa,Fitzpatrick,Female,45,Sales,Sales Representative,133283.37,5/15/2014,2,Jennafort,Canada,Yes,16.9,2
E416,Jeffrey,Erickson,Non-binary,35,IT,System Administrator,120555.24,11/5/2012,4,North Mauriceville,USA,No,10,30
E417,Robert,Moore,Male,42,Operations,Project Coordinator,75987.49,3/13/2019,5,Barnesbury,Canada,No,7.6,14
E418,Tracey,Fischer,Female,38,Sales,Sales Representative,131714.07,5/16/2016,5,Johnmouth,Canada,Yes,6.8,9
E419,Jose,Butler,Non-binary,58,IT,System Administrator,114864.12,11/23/2015,4,West Kyle,USA,No,14.9,13
E420,Charles,Hernandez,Male,26,IT,System Administrator,57696.43,2/24/2025,1,Port Jeffrey,Canada,Yes,11.9,30
E421,Teresa,Marsh,Male,38,Operations,Project Coordinator,119325.55,8/21/2025,2,Davismouth,Canada,No,17.1,9
E422,Kathryn,Taylor,Female,21,Finance,Accountant,134892.21,8/30/2018,4,Lauraside,Canada,No,3.2,1
E423,William,Russell,Non-binary,31,IT,System Administrator,79513.76,7/28/2020,5,Ashleyton,Canada,Yes,11.9,31
E424,Tiffany,Salinas,Female,60,Operations,Operations Manager,89219.28,2/10/2014,5,Lake Erin,Canada,No,3.6,14
E425,Natalie,Johnson,Non-binary,54,Operations,Procurement Officer,68946.29,4/16/2025,3,New Bettyside,USA,Yes,18.6,8
E426,Jennifer,Willis,Male,36,Operations,Logistics Specialist,46880.74,2/10/2019,2,Ginaville,Canada,Yes,5.1,39
E427,Matthew,Miller,Non-binary,29,Operations,Operations Manager,116369.67,8/22/2018,1,West Jordan,Canada,Yes,12.3,9
E428,Patrick,Reed,Non-binary,35,Operations,Project Coordinator,100314.57,5/20/2018,5,North Deborah,Canada,No,3.2,0
E429,Stephen,Case,Non-binary,31,Operations,Logistics Specialist,136758.38,4/12/2023,1,New Martha,USA,Yes,1.2,27
E430,Pamela,Stevenson,Male,59,HR,HR Manager,128549.92,11/17/2016,1,Randolphstad,Canada,No,1.7,22
E431,Amber,Turner,Female,27,Sales,Account Manager,72971.71,1/19/2011,4,New Jennifertown,Canada,No,11.5,23
E432,Courtney,Brown,Female,48,IT,Data Analyst,45933.15,6/20/2012,2,Lake Lindastad,Canada,Yes,17.8,15
E433,Kimberly,Thomas,Non-binary,60,Sales,Sales Executive,76022.92,5/6/2011,3,Jamesmouth,Canada,Yes,16.1,26
E434,Christopher,Lopez,Female,41,Operations,Logistics Specialist,101402.64,8/8/2016,2,Hooperton,Canada,No,2.5,21
E435,Danielle,Santos,Female,30,Finance,Accountant,60580.71,3/19/2012,1,Smithport,USA,Yes,12.7,4
E436,Caitlin,Coleman,Female,49,IT,IT Support,94104.95,1/26/2023,3,South Laura,USA,No,8.6,29
E437,Valerie,Willis,Non-binary,37,Operations,Procurement Officer,78168.14,9/15/2015,2,Hooperport,USA,Yes,13.7,37
E438,Matthew,Lawson,Non-binary,53,Operations,Procurement Officer,120525.87,6/11/2011,4,Josephland,Canada,Yes,12.4,23
E439,Nancy,Rodriguez,Male,47,IT,IT Support,41001.33,7/16/2020,2,South Loganborough,USA,No,11.5,12
E440,Laura,Kelley,Non-binary,60,Operations,Operations Manager,61318.69,3/9/2024,5,Port Jeffreyville,USA,No,15.6,18
E441,Christopher,Smith,Non-binary,53,Marketing,Marketing Manager,79553.52,3/22/2012,3,Garciaton,USA,Yes,7.6,9
E442,Anthony,Mcdaniel,Non-binary,60,Sales,Account Manager,65487.77,9/10/2018,4,Port Jaime,Canada,No,3.5,31
E443,Justin,French,Male,46,HR,HR Coordinator,102211.27,11/22/2019,4,Gonzaleztown,Canada,Yes,11.1,34
E444,James,Richards,Non-binary,42,IT,Software Engineer,69235.37,9/4/2018,5,Shannonfurt,Canada,No,6.4,29
E445,Brian,Howard,Male,45,HR,Talent Specialist,128106.99,3/26/2024,3,Sweeneyburgh,Canada,No,4.6,36
E446,Dean,Velasquez,Female,42,Operations,Procurement Officer,118170.44,8/2/2014,5,Dodsonhaven,Canada,No,7.1,39
E447,Elizabeth,Foley,Non-binary,33,Operations,Procurement Officer,135611.75,12/22/2020,1,West Stephaniemouth,Canada,No,1.3,21
E448,Whitney,Delgado,Non-binary,32,IT,Software Engineer,93288.19,12/22/2010,2,East Scottside,Canada,No,3.8,27
E449,Vernon,Miller,Female,60,Finance,Auditor,143501.28,2/10/2025,3,Amandabury,USA,No,5.4,18
E450,Amanda,Murphy,Non-binary,22,Marketing,SEO Specialist,91189.89,7/4/2012,1,Michaelhaven,USA,Yes,3,19
E451,Nichole,Kennedy,Non-binary,51,Sales,Sales Manager,136780.15,7/19/2018,3,Lake Leslie,Canada,No,0.6,13
E452,Robin,Strickland,Female,54,Finance,Accountant,59919.14,3/8/2015,1,South Justin,Canada,No,8.9,7
E453,Michael,Martinez,Non-binary,43,Operations,Operations Manager,67169.65,7/25/2017,3,Martinezville,Canada,Yes,1.3,39
E454,Robert,Lewis,Female,45,Operations,Operations Manager,126167.58,9/13/2024,5,Davidsonstad,Canada,No,2.4,8
E455,Robert,Bauer,Male,40,Operations,Logistics Specialist,76824.5,4/26/2017,1,South Kimberly,Canada,No,10.6,40
E456,David,Salazar,Female,40,Operations,Procurement Officer,116379.43,4/29/2017,1,West Peterview,Canada,No,2.2,10
E457,Melissa,Petersen,Male,39,HR,Recruiter,80715.3,10/19/2025,5,Lopezborough,USA,Yes,7.3,23
E458,Todd,Nelson,Non-binary,54,Marketing,SEO Specialist,91867.87,10/3/2022,5,Thomasbury,USA,No,6.5,6
E459,David,Davis,Non-binary,32,Sales,Account Manager,100631.03,4/19/2015,2,Port Nicholas,USA,No,17.4,28
E460,Danielle,Simpson,Male,51,Sales,Sales Executive,85925.75,6/24/2014,4,North Lindachester,Canada,Yes,11.3,34
E461,Robert,Peters,Female,39,HR,Recruiter,108164.86,8/2/2024,1,Aguilarstad,USA,No,0.7,18
E462,Mary,Thomas,Non-binary,25,Finance,Accountant,60308.85,7/26/2024,1,Knoxchester,Canada,Yes,16.8,11
E463,Denise,Lawrence,Male,25,HR,HR Manager,36188.18,7/25/2015,5,Johnsonhaven,Canada,No,15.9,34
E464,Kelly,Paul,Male,31,Operations,Operations Manager,36110.8,3/7/2018,3,New Kevinland,USA,No,14.3,23
E465,Nicholas,Montgomery,Non-binary,59,Operations,Project Coordinator,50253.82,7/25/2011,1,West Scottstad,Canada,Yes,7.2,16
E466,Aaron,Harris,Non-binary,39,HR,Talent Specialist,54913.79,11/3/2016,2,Michaelbury,Canada,Yes,1.7,28
E467,Andrea,Mueller,Female,41,Finance,Finance Manager,78924.98,1/15/2021,5,North Ryanton,USA,No,6.1,6
E468,Jamie,Nunez,Male,51,Finance,Auditor,56684.32,7/1/2025,1,Moodymouth,USA,Yes,17.4,16
E469,Daniel,Lester,Non-binary,48,Marketing,Social Media Manager,147473.48,8/1/2015,1,Melendezhaven,Canada,No,12.3,32
E470,Troy,Delgado,Female,52,Sales,Account Manager,65038.19,8/29/2019,4,New Jeremy,USA,No,3.8,6
E471,Charles,Suarez,Female,40,IT,System Administrator,112474.51,5/11/2016,4,South Lisafort,USA,No,8.4,35
E472,Thomas,Horn,Male,45,Operations,Procurement Officer,47765.97,3/22/2011,2,Port Cassandraborough,Canada,Yes,15.5,23
E473,David,Jackson,Male,54,Finance,Finance Manager,97032.22,2/10/2011,1,Franciscoland,Canada,No,17.2,7
E474,Travis,Sanchez,Male,39,Marketing,Social Media Manager,95547.1,11/7/2012,4,Port Aliciaborough,USA,No,17.3,5
E475,Mary,Williams,Non-binary,28,Finance,Auditor,46608.77,11/30/2016,1,Mitchellside,USA,No,6.8,30
E476,Curtis,Shaw,Female,56,Operations,Operations Manager,54679.19,1/18/2014,4,South Justinstad,Canada,No,4.9,9
E477,Robin,Jones,Female,56,HR,HR Manager,118054.14,4/18/2025,3,Michaelton,USA,No,4.3,1
E478,Douglas,Lambert,Female,54,Marketing,SEO Specialist,131992.82,6/18/2015,4,New Leahmouth,Canada,No,3,37
E479,Shelby,Russell,Female,54,Operations,Procurement Officer,53678.62,12/27/2023,2,East Mary,Canada,No,1.4,2
E480,Brenda,Marshall,Female,44,Marketing,Content Strategist,98160,11/2/2010,1,North Markberg,USA,Yes,4.7,18
E481,Jessica,Castaneda,Male,49,Marketing,Marketing Manager,125189.31,10/25/2018,4,Robertsside,USA,Yes,17.3,26
E482,Jacob,Campbell,Female,45,Finance,Finance Manager,76777.33,10/10/2023,3,West Albert,USA,Yes,9.7,20
E483,James,Tucker,Female,38,Finance,Accountant,70036.07,1/6/2020,1,East Josephfurt,Canada,Yes,9.8,17
E484,Melissa,Reyes,Male,48,Finance,Financial Analyst,111169.5,10/8/2017,2,Hallborough,Canada,No,13.3,40
E485,Isabella,Taylor,Non-binary,23,Operations,Logistics Specialist,143021.29,5/19/2023,1,Port Michael,USA,No,19.1,6
E486,Maurice,Lane,Female,32,Operations,Project Coordinator,65110.72,9/12/2018,2,North Kurt,USA,No,10.9,14
E487,Susan,Green,Non-binary,57,Finance,Accountant,134312.98,2/20/2013,1,West Kelseystad,USA,No,18.3,17
E488,Charles,Perez,Male,58,Finance,Auditor,41033.69,5/23/2012,5,Carlostown,Canada,Yes,2.9,20
E489,Robert,Parker,Female,40,IT,System Administrator,143467.54,5/18/2017,5,Thomasmouth,USA,Yes,15.4,1
E490,Anthony,Grimes,Female,60,Operations,Project Coordinator,116096.69,11/2/2011,3,Danielview,Canada,Yes,5.3,12
E491,Shaun,Blackwell,Non-binary,36,Finance,Accountant,146456.3,12/15/2012,1,Morganchester,Canada,Yes,11.3,15
E492,John,Anderson,Female,47,HR,Talent Specialist,107493.73,3/17/2021,3,New Kelly,Canada,Yes,14.3,21
E493,Daniel,Brock,Non-binary,37,Operations,Procurement Officer,67784.81,7/21/2015,2,Wilsontown,USA,Yes,14.3,22
E494,James,Lozano,Non-binary,50,Sales,Sales Manager,85163.27,4/6/2025,1,North Luis,USA,No,18.8,32
E495,Rachel,Johnston,Female,54,Marketing,Social Media Manager,64599.84,4/8/2016,1,Lake Danielland,Canada,No,13.6,12
E496,Jonathan,Johnson,Non-binary,43,Marketing,SEO Specialist,75238.72,10/25/2018,1,South Christine,Canada,Yes,19.9,21
E497,Alyssa,Baker,Female,24,Operations,Procurement Officer,145454.66,6/13/2024,1,North Racheltown,Canada,Yes,6,20
E498,Carol,Williams,Male,44,HR,Talent Specialist,137458.42,4/8/2012,3,Richardmouth,Canada,Yes,6.9,21
E499,Amanda,Wallace,Male,55,Finance,Auditor,63862.79,1/11/2018,1,Shannonton,Canada,No,17.1,8
E500,Shannon,Wilson,Non-binary,37,HR,HR Manager,95861.63,5/23/2024,3,Juanview,Canada,Yes,14.4,18
